วันที่,สถานะ,ประเภทบริการ,จังหวัด,จำนวนตำแหน่งที่สมัคร
20/08/2026,Active,ฝึกอาชีพ,กรุงเทพมหานคร,0
20/08/2026,Active,แนะแนวอาชีพ,ชลบุรี,0
21/08/2026,Active,สมัครงานต่างประเทศ,กทม,3
21/08/2026,Active,ขึ้นทะเบียนผู้ประกันตนกรณีว่างงาน,ปทุมธานี,3
22/08/2026,Active,ฝึกอาชีพ,ขอนแก่น,4
22/08/2026,Active,ขึ้นทะเบียนผู้ประกันตนกรณีว่างงาน,ปทุมธานี,5
23/08/2026,Closed,ฝึกอาชีพ,ขอนแก่น,3
23/08/2026,Active,ลงทะเบียนหางาน,กรุงเทพฯ,5
23/08/2026,Active,แนะแนวอาชีพ,กรุงเทพมหานคร,3
24/08/2026,Active,แนะแนวอาชีพ,ปทุมธานี,4
24/08/2026,Pending,สมัครงานต่างประเทศ,ชลบุรี,2
24/08/2026,Pending,ขึ้นทะเบียนผู้ประกันตนกรณีว่างงาน,กทม,0
25/08/2026,Active,สมัครงานต่างประเทศ,Bangkok,3
25/08/2026,Active,ฝึกอาชีพ,สมุทรปราการ,0
25/08/2026,Active,ขึ้นทะเบียนผู้ประกันตนกรณีว่างงาน,กทม,2
25/08/2026,Active,ฝึกอาชีพ,นนทบุรี,5
25/08/2026,Pending,แนะแนวอาชีพ,นนทบุรี,2
26/08/2026,Closed,ขึ้นทะเบียนผู้ประกันตนกรณีว่างงาน,กรุงเทพฯ,4
26/08/2026,Pending,ลงทะเบียนหางาน,ปทุมธานี,5
26/08/2026,Closed,ลงทะเบียนหางาน,Bangkok,5
26/08/2026,Closed,แนะแนวอาชีพ,สมุทรปราการ,1
26/08/2026,Closed,ขึ้นทะเบียนผู้ประกันตนกรณีว่างงาน,นนทบุรี,0
27/08/2026,Pending,แนะแนวอาชีพ,กทม,3
27/08/2026,Pending,แนะแนวอาชีพ,กรุงเทพมหานคร,5
27/08/2026,Closed,ลงทะเบียนหางาน,เชียงใหม่,2
27/08/2026,Active,สมัครงานต่างประเทศ,เชียงใหม่,0
28/08/2026,Active,ลงทะเบียนหางาน,กรุงเทพฯ,2
28/08/2026,Pending,สมัครงานต่างประเทศ,นนทบุรี,3
28/08/2026,Pending,สมัครงานต่างประเทศ,สมุทรปราการ,2
28/08/2026,Closed,สมัครงานต่างประเทศ,สมุทรปราการ,1
28/08/2026,Closed,ขึ้นทะเบียนผู้ประกันตนกรณีว่างงาน,ขอนแก่น,3
28/08/2026,Active,สมัครงานต่างประเทศ,ขอนแก่น,2
29/08/2026,Active,แนะแนวอาชีพ,ขอนแก่น,4
29/08/2026,Active,ลงทะเบียนหางาน,ชลบุรี,4
29/08/2026,Active,แนะแนวอาชีพ,นนทบุรี,4
29/08/2026,Active,แนะแนวอาชีพ,สมุทรปราการ,4
29/08/2026,Pending,ขึ้นทะเบียนผู้ประกันตนกรณีว่างงาน,กทม,5
30/08/2026,Closed,ลงทะเบียนหางาน,นนทบุรี,4
30/08/2026,Active,ขึ้นทะเบียนผู้ประกันตนกรณีว่างงาน,เชียงใหม่,5
30/08/2026,Active,ฝึกอาชีพ,ขอนแก่น,5
30/08/2026,Active,ลงทะเบียนหางาน,ขอนแก่น,1
31/08/2026,Active,สมัครงานต่างประเทศ,ขอนแก่น,5
31/08/2026,Active,สมัครงานต่างประเทศ,ชลบุรี,4
31/08/2026,Closed,ฝึกอาชีพ,กรุงเทพมหานคร,3
31/08/2026,Closed,ขึ้นทะเบียนผู้ประกันตนกรณีว่างงาน,กรุงเทพมหานคร,3
31/08/2026,Active,ลงทะเบียนหางาน,Bangkok,3
31/08/2026,Active,ขึ้นทะเบียนผู้ประกันตนกรณีว่างงาน,กทม,2
31/08/2026,Active,ลงทะเบียนหางาน,ชลบุรี,5
31/08/2026,Active,แนะแนวอาชีพ,กทม,3
01/09/2026,Pending,สมัครงานต่างประเทศ,เชียงใหม่,1
01/09/2026,Closed,ลงทะเบียนหางาน,ชลบุรี,3
01/09/2026,Active,ฝึกอาชีพ,กรุงเทพฯ,0
01/09/2026,Active,ขึ้นทะเบียนผู้ประกันตนกรณีว่างงาน,นนทบุรี,0
01/09/2026,Active,ฝึกอาชีพ,กรุงเทพฯ,3
02/09/2026,Pending,ฝึกอาชีพ,กรุงเทพมหานคร,5
03/09/2026,Active,ลงทะเบียนหางาน,Bangkok,1
03/09/2026,Active,ขึ้นทะเบียนผู้ประกันตนกรณีว่างงาน,นนทบุรี,2
03/09/2026,Active,แนะแนวอาชีพ,ปทุมธานี,5
03/09/2026,Closed,สมัครงานต่างประเทศ,ปทุมธานี,0
04/09/2026,Pending,ลงทะเบียนหางาน,ขอนแก่น,2
04/09/2026,Active,ลงทะเบียนหางาน,นนทบุรี,3
04/09/2026,Active,สมัครงานต่างประเทศ,ขอนแก่น,4
04/09/2026,Active,ลงทะเบียนหางาน,กรุงเทพมหานคร,2
04/09/2026,Closed,แนะแนวอาชีพ,ปทุมธานี,0
04/09/2026,Active,ลงทะเบียนหางาน,ชลบุรี,0
04/09/2026,Pending,สมัครงานต่างประเทศ,กรุงเทพฯ,5
04/09/2026,Active,ลงทะเบียนหางาน,ปทุมธานี,0
05/09/2026,Closed,ฝึกอาชีพ,สมุทรปราการ,2
05/09/2026,Closed,สมัครงานต่างประเทศ,กทม,3
05/09/2026,Active,สมัครงานต่างประเทศ,ชลบุรี,2
06/09/2026,Closed,ขึ้นทะเบียนผู้ประกันตนกรณีว่างงาน,กทม,2
06/09/2026,Active,แนะแนวอาชีพ,ชลบุรี,1
06/09/2026,Closed,ฝึกอาชีพ,Bangkok,2
06/09/2026,Active,ขึ้นทะเบียนผู้ประกันตนกรณีว่างงาน,สมุทรปราการ,5
06/09/2026,Active,ลงทะเบียนหางาน,กทม,3
06/09/2026,Active,ขึ้นทะเบียนผู้ประกันตนกรณีว่างงาน,ขอนแก่น,2
07/09/2026,Closed,ลงทะเบียนหางาน,ชลบุรี,1
07/09/2026,Active,ลงทะเบียนหางาน,นนทบุรี,1
07/09/2026,Active,ฝึกอาชีพ,สมุทรปราการ,1
07/09/2026,Closed,ขึ้นทะเบียนผู้ประกันตนกรณีว่างงาน,กรุงเทพฯ,0
07/09/2026,Active,ลงทะเบียนหางาน,เชียงใหม่,5
08/09/2026,Active,ลงทะเบียนหางาน,กรุงเทพฯ,0
08/09/2026,Active,ขึ้นทะเบียนผู้ประกันตนกรณีว่างงาน,กทม,0
08/09/2026,Pending,ฝึกอาชีพ,กทม,1
08/09/2026,Active,แนะแนวอาชีพ,เชียงใหม่,1
09/09/2026,Active,ขึ้นทะเบียนผู้ประกันตนกรณีว่างงาน,สมุทรปราการ,4
09/09/2026,Pending,ลงทะเบียนหางาน,สมุทรปราการ,2
09/09/2026,Pending,ขึ้นทะเบียนผู้ประกันตนกรณีว่างงาน,Bangkok,2
09/09/2026,Closed,ลงทะเบียนหางาน,กรุงเทพมหานคร,2
10/09/2026,Active,ฝึกอาชีพ,นนทบุรี,2
10/09/2026,Active,สมัครงานต่างประเทศ,กทม,1
10/09/2026,Pending,ฝึกอาชีพ,เชียงใหม่,0
10/09/2026,Active,แนะแนวอาชีพ,นนทบุรี,5
11/09/2026,Pending,ลงทะเบียนหางาน,Bangkok,4
11/09/2026,Active,ขึ้นทะเบียนผู้ประกันตนกรณีว่างงาน,ขอนแก่น,4
11/09/2026,Active,ฝึกอาชีพ,กรุงเทพฯ,5
11/09/2026,Active,ลงทะเบียนหางาน,ชลบุรี,2
12/09/2026,Active,ขึ้นทะเบียนผู้ประกันตนกรณีว่างงาน,กรุงเทพมหานคร,2
12/09/2026,Active,ลงทะเบียนหางาน,เชียงใหม่,3
13/09/2026,Pending,ขึ้นทะเบียนผู้ประกันตนกรณีว่างงาน,สมุทรปราการ,5
13/09/2026,Active,สมัครงานต่างประเทศ,Bangkok,0
14/09/2026,Closed,ลงทะเบียนหางาน,เชียงใหม่,4
14/09/2026,Active,ฝึกอาชีพ,สมุทรปราการ,3
14/09/2026,Active,ลงทะเบียนหางาน,ปทุมธานี,1
14/09/2026,Pending,ลงทะเบียนหางาน,Bangkok,0
14/09/2026,Active,ลงทะเบียนหางาน,กรุงเทพมหานคร,4
15/09/2026,Active,แนะแนวอาชีพ,นนทบุรี,1
15/09/2026,Active,สมัครงานต่างประเทศ,สมุทรปราการ,2
16/09/2026,Active,ฝึกอาชีพ,ขอนแก่น,0
16/09/2026,Pending,สมัครงานต่างประเทศ,กทม,3
16/09/2026,Active,ลงทะเบียนหางาน,ขอนแก่น,0
17/09/2026,Pending,สมัครงานต่างประเทศ,ขอนแก่น,2
17/09/2026,Closed,ฝึกอาชีพ,นนทบุรี,2
17/09/2026,Closed,ลงทะเบียนหางาน,ปทุมธานี,0
17/09/2026,Active,ฝึกอาชีพ,กรุงเทพมหานคร,1
17/09/2026,Closed,ขึ้นทะเบียนผู้ประกันตนกรณีว่างงาน,นนทบุรี,4
17/09/2026,Active,แนะแนวอาชีพ,ปทุมธานี,4
17/09/2026,Active,ฝึกอาชีพ,เชียงใหม่,2
18/09/2026,Active,ลงทะเบียนหางาน,กทม,0
18/09/2026,Active,ฝึกอาชีพ,ปทุมธานี,4
18/09/2026,Closed,ลงทะเบียนหางาน,ปทุมธานี,1
18/09/2026,Pending,ฝึกอาชีพ,กทม,1
18/09/2026,Closed,แนะแนวอาชีพ,กรุงเทพฯ,0
18/09/2026,Active,ลงทะเบียนหางาน,สมุทรปราการ,2
18/09/2026,Active,สมัครงานต่างประเทศ,เชียงใหม่,3
18/09/2026,Active,ฝึกอาชีพ,นนทบุรี,3
18/09/2026,Closed,ลงทะเบียนหางาน,ปทุมธานี,4
19/09/2026,Active,ลงทะเบียนหางาน,ปทุมธานี,1
19/09/2026,Pending,แนะแนวอาชีพ,กรุงเทพฯ,0
20/09/2026,Active,ลงทะเบียนหางาน,ขอนแก่น,3
20/09/2026,Active,ฝึกอาชีพ,เชียงใหม่,3
20/09/2026,Active,สมัครงานต่างประเทศ,ชลบุรี,1
20/09/2026,Active,ขึ้นทะเบียนผู้ประกันตนกรณีว่างงาน,เชียงใหม่,3
20/09/2026,Active,แนะแนวอาชีพ,Bangkok,3
20/09/2026,Active,แนะแนวอาชีพ,Bangkok,5
20/09/2026,Active,แนะแนวอาชีพ,ชลบุรี,1
21/09/2026,Active,ลงทะเบียนหางาน,เชียงใหม่,2
21/09/2026,Closed,ฝึกอาชีพ,กทม,3
21/09/2026,Active,ฝึกอาชีพ,กรุงเทพมหานคร,1
22/09/2026,Pending,สมัครงานต่างประเทศ,นนทบุรี,0
22/09/2026,Active,ลงทะเบียนหางาน,ขอนแก่น,1
22/09/2026,Active,ลงทะเบียนหางาน,ขอนแก่น,5
22/09/2026,Active,ฝึกอาชีพ,เชียงใหม่,5
23/09/2026,Active,ขึ้นทะเบียนผู้ประกันตนกรณีว่างงาน,Bangkok,0
23/09/2026,Active,สมัครงานต่างประเทศ,ขอนแก่น,1
24/09/2026,Closed,ฝึกอาชีพ,ปทุมธานี,3
24/09/2026,Active,แนะแนวอาชีพ,Bangkok,2
24/09/2026,Active,ฝึกอาชีพ,ปทุมธานี,2
25/09/2026,Active,ขึ้นทะเบียนผู้ประกันตนกรณีว่างงาน,กรุงเทพฯ,3
25/09/2026,Pending,แนะแนวอาชีพ,เชียงใหม่,3
25/09/2026,Pending,แนะแนวอาชีพ,ปทุมธานี,3
25/09/2026,Active,แนะแนวอาชีพ,นนทบุรี,2
25/09/2026,Active,ฝึกอาชีพ,Bangkok,4
25/09/2026,Active,ลงทะเบียนหางาน,เชียงใหม่,1
25/09/2026,Active,แนะแนวอาชีพ,ขอนแก่น,5
25/09/2026,Active,สมัครงานต่างประเทศ,ขอนแก่น,1
25/09/2026,Active,ลงทะเบียนหางาน,ชลบุรี,3
26/09/2026,Active,แนะแนวอาชีพ,ขอนแก่น,5
26/09/2026,Active,สมัครงานต่างประเทศ,กรุงเทพมหานคร,4
26/09/2026,Pending,สมัครงานต่างประเทศ,กทม,2
26/09/2026,Active,ขึ้นทะเบียนผู้ประกันตนกรณีว่างงาน,กรุงเทพมหานคร,4
26/09/2026,Active,ฝึกอาชีพ,กรุงเทพฯ,4
26/09/2026,Active,ขึ้นทะเบียนผู้ประกันตนกรณีว่างงาน,ชลบุรี,2
26/09/2026,Closed,แนะแนวอาชีพ,กรุงเทพมหานคร,5
26/09/2026,Active,แนะแนวอาชีพ,ขอนแก่น,3
26/09/2026,Closed,สมัครงานต่างประเทศ,นนทบุรี,2
27/09/2026,Pending,ลงทะเบียนหางาน,นนทบุรี,1
27/09/2026,Active,ฝึกอาชีพ,กทม,0
27/09/2026,Pending,สมัครงานต่างประเทศ,ชลบุรี,3
27/09/2026,Closed,ขึ้นทะเบียนผู้ประกันตนกรณีว่างงาน,ชลบุรี,1
27/09/2026,Active,ขึ้นทะเบียนผู้ประกันตนกรณีว่างงาน,ชลบุรี,0
28/09/2026,Active,ลงทะเบียนหางาน,Bangkok,1
28/09/2026,Active,ฝึกอาชีพ,เชียงใหม่,5
28/09/2026,Active,ขึ้นทะเบียนผู้ประกันตนกรณีว่างงาน,กทม,1
28/09/2026,Active,แนะแนวอาชีพ,กทม,0
28/09/2026,Active,ลงทะเบียนหางาน,กทม,0
28/09/2026,Active,ขึ้นทะเบียนผู้ประกันตนกรณีว่างงาน,เชียงใหม่,1
29/09/2026,Active,ฝึกอาชีพ,กรุงเทพฯ,5
29/09/2026,Active,สมัครงานต่างประเทศ,Bangkok,1
29/09/2026,Closed,ขึ้นทะเบียนผู้ประกันตนกรณีว่างงาน,ขอนแก่น,1
29/09/2026,Pending,ลงทะเบียนหางาน,กทม,0
30/09/2026,Active,ขึ้นทะเบียนผู้ประกันตนกรณีว่างงาน,นนทบุรี,4
01/10/2026,Active,ลงทะเบียนหางาน,เชียงใหม่,4
01/10/2026,Active,ฝึกอาชีพ,กรุงเทพมหานคร,2
01/10/2026,Closed,ขึ้นทะเบียนผู้ประกันตนกรณีว่างงาน,กรุงเทพมหานคร,0
03/10/2026,Active,สมัครงานต่างประเทศ,กรุงเทพมหานคร,5
03/10/2026,Closed,ลงทะเบียนหางาน,ขอนแก่น,4
03/10/2026,Active,ลงทะเบียนหางาน,เชียงใหม่,1
03/10/2026,Pending,แนะแนวอาชีพ,ขอนแก่น,5
03/10/2026,Pending,ลงทะเบียนหางาน,เชียงใหม่,0
03/10/2026,Pending,ขึ้นทะเบียนผู้ประกันตนกรณีว่างงาน,เชียงใหม่,0
03/10/2026,Active,ลงทะเบียนหางาน,กทม,5
04/10/2026,Active,ฝึกอาชีพ,สมุทรปราการ,2
04/10/2026,Pending,ฝึกอาชีพ,กทม,5
04/10/2026,Pending,สมัครงานต่างประเทศ,กรุงเทพมหานคร,4
04/10/2026,Active,ลงทะเบียนหางาน,กทม,4
04/10/2026,Closed,แนะแนวอาชีพ,Bangkok,1
04/10/2026,Pending,ขึ้นทะเบียนผู้ประกันตนกรณีว่างงาน,กรุงเทพมหานคร,2
04/10/2026,Pending,สมัครงานต่างประเทศ,ชลบุรี,0
